{"main":"2020-12-22 街头理发师：城市夹缝中的人生.md","title":"2020-12-22 街头理发师：城市夹缝中的人生","version":2,"cssText":"","createDate":1608636129800,"updateDate":1608647385221,"slug":"","cover":"","excerpt":"","urlMap":{},"id":"77d13486-9900-4f5b-addb-28d2d3ca63be","fileResources":[{"filename":"images/1608647378044.jpg","type":"image/jpeg"},{"filename":"images/1608647378048.jpg","type":"image/jpeg"},{"filename":"images/1608647378047.jpg","type":"image/jpeg"},{"filename":"images/1608647378086.jpg","type":"image/jpeg"}]}