{"main":"2020-5-9 一个价值10亿的教训.md","title":"2020-5-9 一个价值10亿的教训","version":2,"cssText":"","createDate":1589019524709,"updateDate":1589022289786,"slug":"/startup/a-lesson-worth-1-billion","cover":"","excerpt":"","urlMap":{},"id":"cd339b56-4234-4e3f-94ed-63cf81b8ed11","fileResources":[{"filename":"images/1589021851234.jpg","type":"image/jpeg"},{"filename":"images/1589021850957.jpg","type":"image/jpeg"},{"filename":"images/1589021851076.jpg","type":"image/jpeg"},{"filename":"images/1589021851225.jpg","type":"image/jpeg"},{"filename":"images/1589021851255.jpg","type":"image/jpeg"},{"filename":"images/1589021851146.jpg","type":"image/jpeg"}]}