{"main":"2020-6-29 34岁女掌门摊上事！不走寻常路的美邦，要走哪条路？.md","title":"2020-6-29 34岁女掌门摊上事！不走寻常路的美邦，要走哪条路？","version":2,"cssText":"","createDate":1593427584704,"updateDate":1593437573308,"slug":"","cover":"","excerpt":"","urlMap":{},"id":"6ce784bb-3f74-4ee6-aefe-f9e678b8e9e5","fileResources":[{"filename":"images/1593437565805.jpg","type":"image/jpeg"},{"filename":"images/1593437565806.jpg","type":"image/jpeg"},{"filename":"images/1593437565822.jpg","type":"image/jpeg"},{"filename":"images/1593437565824.jpg","type":"image/jpeg"},{"filename":"images/1593437565825.jpg","type":"image/jpeg"},{"filename":"images/1593437565823.jpg","type":"image/jpeg"}]}