{"main":"2020-5-4 又有一个年轻人决定离开北京.md","title":"2020-5-4 又有一个年轻人决定离开北京","version":2,"cssText":"","createDate":1588591008938,"updateDate":1588601218518,"slug":"/life/leave-peking","cover":"","excerpt":"","urlMap":{},"id":"5d6ec51c-66c6-4730-b9f9-0e258cb79403","fileResources":[{"filename":"images/1588601078658.jpg","type":"image/jpeg"},{"filename":"images/1588601078663.jpg","type":"image/jpeg"},{"filename":"images/1588601078683.jpg","type":"image/jpeg"},{"filename":"images/1588601078691.jpg","type":"image/jpeg"},{"filename":"images/1588601078692.jpg","type":"image/jpeg"},{"filename":"images/1588601078693.jpg","type":"image/jpeg"},{"filename":"images/1588601078694.jpg","type":"image/jpeg"},{"filename":"images/1588601078695.jpg","type":"image/jpeg"},{"filename":"images/1588601078696.jpg","type":"image/jpeg"},{"filename":"images/1588601078697.jpg","type":"image/jpeg"}]}