{"main":"2020-5-2 How to write your own Virtual DOM.md","title":"2020-5-2 How to write your own Virtual DOM","version":2,"cssText":"","createDate":1588380513966,"updateDate":1588388861859,"slug":"/tech/how-to-write-your-own-virtual-dom","cover":"","excerpt":"","urlMap":{},"id":"fd26753f-3be4-4c70-9222-a87715867f24","fileResources":[{"filename":"images/1588388855987.png","type":"image/png"},{"filename":"images/1588388855988.png","type":"image/png"},{"filename":"images/1588388855989.png","type":"image/png"},{"filename":"images/1588388855994.png","type":"image/png"},{"filename":"images/1588388855995.gif","type":"image/gif"}]}