{"main":"2020-5-9 创业的N种死法.md","title":"2020-5-9 创业的N种死法","version":2,"cssText":"","createDate":1589019524709,"updateDate":1589022246984,"slug":"/startup/the_n_dead","cover":"","excerpt":"","urlMap":{},"id":"750d1023-9065-4c11-81f5-162b066d2bf0","fileResources":[{"filename":"images/1589020742183.png","type":"image/png"},{"filename":"images/1589019795311.jpg","type":"image/jpeg"},{"filename":"images/1589019806538.png","type":"image/png"},{"filename":"images/1589019807976.png","type":"image/png"},{"filename":"images/1589019810912.png","type":"image/png"},{"filename":"images/1589019808575.png","type":"image/png"},{"filename":"images/1589019807773.png","type":"image/png"},{"filename":"images/1589019803620.png","type":"image/png"},{"filename":"images/1589019798219.jpg","type":"image/jpeg"},{"filename":"images/1589019810637.png","type":"image/png"}]}