{"main":"2020-7-1 苟晶2次高考都被顶替，班主任道歉，没有学历却比陈春秀过得优越.md","title":"2020-7-1 苟晶2次高考都被顶替，班主任道歉，没有学历却比陈春秀过得优越","version":2,"cssText":"","createDate":1593605082579,"updateDate":1593607730350,"slug":"","cover":"","excerpt":"","urlMap":{},"id":"27d2c3b0-abeb-4b74-9879-8ae14572ed76","fileResources":[{"filename":"images/1593607722559.jpg","type":"image/jpeg"},{"filename":"images/1593607722478.jpg","type":"image/jpeg"},{"filename":"images/1593607722601.jpg","type":"image/jpeg"},{"filename":"images/1593607722715.jpg","type":"image/jpeg"},{"filename":"images/1593607722687.jpg","type":"image/jpeg"},{"filename":"images/1593607722710.jpg","type":"image/jpeg"},{"filename":"images/1593607722778.jpg","type":"image/jpeg"}]}