{"main":"2020-6-28 世茂主题娱乐败北，台籍高管全部离职.md","title":"2020-6-28 世茂主题娱乐败北，台籍高管全部离职","version":2,"cssText":"","createDate":1593341981710,"updateDate":1593357704482,"slug":"","cover":"","excerpt":"","urlMap":{},"id":"fbfd95aa-3a74-4207-b01d-520e72d8e480","fileResources":[{"filename":"acfe0a63caf5729b00398d0fc37dc7c2.jpeg","type":"image/jpeg"},{"filename":"d72c7ee97134845c6f2728bc7a89f6b6.jpeg","type":"image/jpeg"},{"filename":"04a13d9aeadd035a41de550f0f989666.jpeg","type":"image/jpeg"},{"filename":"868f9b16fa83f3b8c3718bbf72abde15.jpeg","type":"image/jpeg"},{"filename":"af6c5e6713b286da833bbea4ac1458b5.jpeg","type":"image/jpeg"},{"filename":"776f4cb165e9cf05d6f0cb336999c331.jpeg","type":"image/jpeg"},{"filename":"5725389200244e36bb1538e113b9b2a5.jpeg","type":"image/jpeg"},{"filename":"1783643df609c75c94f775c90a981e58.jpeg","type":"image/jpeg"},{"filename":"af1cdd0b7b07d4a671ccca47d397bdf2.jpeg","type":"image/jpeg"},{"filename":"4def44090260091fcc4d9750768c2f79.jpeg","type":"image/jpeg"}]}