{"main":"2020-5-9 我是技术男，也曾创业过，也拿过风投.......md","title":"2020-5-9 我是技术男，也曾创业过，也拿过风投......","version":2,"cssText":"","createDate":1589019524709,"updateDate":1589021075936,"slug":"/startup/a_progammer_startup","cover":"","excerpt":"","urlMap":{},"id":"e3e87599-ff33-4d47-8e37-f1bb4a64c776","fileResources":[{"filename":"images/1589021018100.jpg","type":"image/jpeg"},{"filename":"images/1589021017241.jpg","type":"image/jpeg"},{"filename":"images/1589021015595.jpg","type":"image/jpeg"},{"filename":"images/1589021016355.jpg","type":"image/jpeg"},{"filename":"images/1589021018417.jpg","type":"image/jpeg"},{"filename":"images/1589021015033.jpg","type":"image/jpeg"},{"filename":"images/1589021015900.jpg","type":"image/jpeg"},{"filename":"images/1589021017222.jpg","type":"image/jpeg"},{"filename":"images/1589021018806.jpg","type":"image/jpeg"},{"filename":"images/1589021017434.jpg","type":"image/jpeg"},{"filename":"images/1589021018173.jpg","type":"image/jpeg"}]}