{"main":"从图片优化说起.md","title":"从图片优化说起","version":2,"cssText":"","createDate":1586478290483,"updateDate":1587196563663,"slug":"/cjting/image-optimization","cover":"","excerpt":"","urlMap":{},"id":"5dd38c08-9250-4e09-8b4a-08bf9f911385","fileResources":[{"filename":"f40bafdabf848ffcb263e484e0547dcf.jpeg","type":"image/jpeg"},{"filename":"a9c792682df255288e9dd643a17024f3.jpeg","type":"image/jpeg"},{"filename":"8f553f895a1f2b8f3b607935ebee8db3.jpeg","type":"image/jpeg"},{"filename":"a9c792682df255288e9dd643a17024f3.jpeg","type":"image/jpeg"},{"filename":"4b1be66b040700831c558562bdb250d0.jpeg","type":"image/jpeg"},{"filename":"c3e43ea318fe0d9cf5f9c6fb27b73eda.jpeg","type":"image/jpeg"}]}